Model,RMSE,MAE,R2
Random Forest,5642.1885420118015,668.972395740218,0.6888817831233158
Linear Regression,5738.951251830194,701.6821431533781,0.6781190138119875
Ridge Regression,5739.632590808532,701.7717809663482,0.6780425806550914
Gradient Boosting,6585.936802998666,558.8143038473216,0.5760980935234946
