Segment,Customers,Avg CLV,Budget,Expected Return,Net Profit,ROI %
Loyal Customers,778,884.1335777686293,20000.0,60000.0,40000.0,200.0
Champions,957,3167.1858505487717,15000.0,52500.0,37500.0,250.0
Potential Loyalists,492,614.2434408540951,15000.0,37500.0,22500.0,150.0
New Customers,141,290.26351832781637,10000.0,20000.0,10000.0,100.0
Promising,164,321.6951100526753,10000.0,18000.0,8000.0,80.0
About to Sleep,401,364.0222721458184,5000.0,7500.0,2500.0,50.0
Hibernating,664,375.7689397996476,5000.0,5000.0,0.0,0.0
Need Attention,373,389.3877953267325,3000.0,3900.0,900.0,30.0
